{
  "generatedAt": "2026-07-15T08:16:08.654Z",
  "methodology": {
    "totalGames": 1000,
    "conditions": [
      2,
      4,
      6,
      8,
      12
    ],
    "gamesPerCondition": 200,
    "firstPlayer": "South (player 0)",
    "secondPlayer": "North (player 1)",
    "randomOpeningPolicy": "uniform over legal move variants from the standard initial position",
    "continuationAI": "hard / bao / phase2 / depth 2",
    "batchReports": 20,
    "seeds": [
      20262001,
      20262002,
      20262003,
      20262004,
      20264001,
      20264002,
      20264003,
      20264004,
      20266001,
      20266002,
      20266003,
      20266004,
      20268001,
      20268002,
      20268003,
      20268004,
      20261201,
      20261202,
      20261203,
      20261204
    ]
  },
  "provenance": {
    "sourceCommits": [
      "64c0437e2c728d3b0e664ea464f195b363eb802d"
    ],
    "sourceTreesDirty": [
      false
    ],
    "nodeVersions": [
      "v24.6.0"
    ],
    "sourceFileSha256Sets": 1
  },
  "totals": {
    "games": 1000,
    "southWins": 461,
    "northWins": 539,
    "draws": 0,
    "southWinRateDecisive": 0.461,
    "southWinRateWilson95": [
      0.4303127166140634,
      0.49198577054780995
    ],
    "twoSidedBinomialP": 0.014852493227168757,
    "uniqueOpeningSequences": 672,
    "uniqueTranscripts": 672,
    "openingTerminalGames": 12,
    "aiContinuation": {
      "games": 988,
      "southWins": 453,
      "northWins": 535,
      "southWinRateDecisive": 0.458502024291498,
      "southWinRateWilson95": [
        0.427652742855174,
        0.48967275380484804
      ],
      "twoSidedBinomialP": 0.009932162754242113
    },
    "uniqueOpeningAnalysis": {
      "openings": 672,
      "southWins": 346,
      "northWins": 326,
      "draws": 0,
      "southWinRateDecisive": 0.5148809523809523,
      "conditionBalancedSouthWinRate": 0.48419973220496787,
      "interpretation": "Descriptive sensitivity analysis that counts each observed opening sequence once; it does not preserve the random-opening policy probabilities."
    }
  },
  "conditions": [
    {
      "randomPlies": 2,
      "games": 200,
      "southWins": 62,
      "northWins": 138,
      "draws": 0,
      "southWinRateDecisive": 0.31,
      "southWinRateWilson95": [
        0.2499894483607809,
        0.37717177566258037
      ],
      "twoSidedBinomialP": 8.026905991184909e-8,
      "averageTurns": 57.18,
      "handoffPlayers": {
        "south": 200,
        "north": 0
      },
      "handoffPhases": {
        "namua": 200
      },
      "uniqueOpeningSequences": 14,
      "uniqueTranscripts": 14,
      "uniqueOpeningAnalysis": {
        "openings": 14,
        "southWins": 5,
        "northWins": 9,
        "draws": 0,
        "southWinRateDecisive": 0.35714285714285715
      },
      "openingTerminal": {
        "games": 0,
        "southWins": 0,
        "northWins": 0,
        "reasons": {}
      },
      "aiContinuation": {
        "games": 200,
        "southWins": 62,
        "northWins": 138,
        "southWinRateDecisive": 0.31,
        "southWinRateWilson95": [
          0.2499894483607809,
          0.37717177566258037
        ],
        "twoSidedBinomialP": 8.026905991184909e-8
      }
    },
    {
      "randomPlies": 4,
      "games": 200,
      "southWins": 87,
      "northWins": 113,
      "draws": 0,
      "southWinRateDecisive": 0.435,
      "southWinRateWilson95": [
        0.36815725502699076,
        0.504292637402054
      ],
      "twoSidedBinomialP": 0.07683763213126037,
      "averageTurns": 56.385,
      "handoffPlayers": {
        "south": 200,
        "north": 0
      },
      "handoffPhases": {
        "namua": 200
      },
      "uniqueOpeningSequences": 91,
      "uniqueTranscripts": 91,
      "uniqueOpeningAnalysis": {
        "openings": 91,
        "southWins": 45,
        "northWins": 46,
        "draws": 0,
        "southWinRateDecisive": 0.4945054945054945
      },
      "openingTerminal": {
        "games": 0,
        "southWins": 0,
        "northWins": 0,
        "reasons": {}
      },
      "aiContinuation": {
        "games": 200,
        "southWins": 87,
        "northWins": 113,
        "southWinRateDecisive": 0.435,
        "southWinRateWilson95": [
          0.36815725502699076,
          0.504292637402054
        ],
        "twoSidedBinomialP": 0.07683763213126037
      }
    },
    {
      "randomPlies": 6,
      "games": 200,
      "southWins": 103,
      "northWins": 97,
      "draws": 0,
      "southWinRateDecisive": 0.515,
      "southWinRateWilson95": [
        0.4461084919274572,
        0.5833261482812249
      ],
      "twoSidedBinomialP": 0.7237710263128063,
      "averageTurns": 54.685,
      "handoffPlayers": {
        "south": 200,
        "north": 0
      },
      "handoffPhases": {
        "namua": 200
      },
      "uniqueOpeningSequences": 176,
      "uniqueTranscripts": 176,
      "uniqueOpeningAnalysis": {
        "openings": 176,
        "southWins": 92,
        "northWins": 84,
        "draws": 0,
        "southWinRateDecisive": 0.5227272727272727
      },
      "openingTerminal": {
        "games": 0,
        "southWins": 0,
        "northWins": 0,
        "reasons": {}
      },
      "aiContinuation": {
        "games": 200,
        "southWins": 103,
        "northWins": 97,
        "southWinRateDecisive": 0.515,
        "southWinRateWilson95": [
          0.4461084919274572,
          0.5833261482812249
        ],
        "twoSidedBinomialP": 0.7237710263128063
      }
    },
    {
      "randomPlies": 8,
      "games": 200,
      "southWins": 118,
      "northWins": 82,
      "draws": 0,
      "southWinRateDecisive": 0.59,
      "southWinRateWilson95": [
        0.5207645903369208,
        0.6558432509151711
      ],
      "twoSidedBinomialP": 0.013130355940531585,
      "averageTurns": 53.63,
      "handoffPlayers": {
        "south": 199,
        "north": 1
      },
      "handoffPhases": {
        "namua": 200
      },
      "uniqueOpeningSequences": 191,
      "uniqueTranscripts": 191,
      "uniqueOpeningAnalysis": {
        "openings": 191,
        "southWins": 113,
        "northWins": 78,
        "draws": 0,
        "southWinRateDecisive": 0.5916230366492147
      },
      "openingTerminal": {
        "games": 5,
        "southWins": 4,
        "northWins": 1,
        "reasons": {
          "front-empty": 5
        }
      },
      "aiContinuation": {
        "games": 195,
        "southWins": 114,
        "northWins": 81,
        "southWinRateDecisive": 0.5846153846153846,
        "southWinRateWilson95": [
          0.5144667975157386,
          0.6514945678640933
        ],
        "twoSidedBinomialP": 0.02168917189061991
      }
    },
    {
      "randomPlies": 12,
      "games": 200,
      "southWins": 91,
      "northWins": 109,
      "draws": 0,
      "southWinRateDecisive": 0.455,
      "southWinRateWilson95": [
        0.387482193098835,
        0.524213886275119
      ],
      "twoSidedBinomialP": 0.22924659725971575,
      "averageTurns": 52.295,
      "handoffPlayers": {
        "south": 197,
        "north": 3
      },
      "handoffPhases": {
        "namua": 200
      },
      "uniqueOpeningSequences": 200,
      "uniqueTranscripts": 200,
      "uniqueOpeningAnalysis": {
        "openings": 200,
        "southWins": 91,
        "northWins": 109,
        "draws": 0,
        "southWinRateDecisive": 0.455
      },
      "openingTerminal": {
        "games": 7,
        "southWins": 4,
        "northWins": 3,
        "reasons": {
          "front-empty": 7
        }
      },
      "aiContinuation": {
        "games": 193,
        "southWins": 87,
        "northWins": 106,
        "southWinRateDecisive": 0.45077720207253885,
        "southWinRateWilson95": [
          0.3822215297735199,
          0.5212540890629194
        ],
        "twoSidedBinomialP": 0.19495973532361915
      }
    }
  ],